жХЩеЃ§,жЬИ1,жЬИ2,жЬИ3,жЬИ4,жЬИ5,зБЂ1,зБЂ2,зБЂ3,зБЂ4,зБЂ5,ж∞і1,ж∞і2,ж∞і3,ж∞і4,ж∞і5,жЬ®1,жЬ®2,жЬ®3,жЬ®4,жЬ®5,йЗС1,йЗС2,йЗС3,йЗС4,йЗС5
121,гАЗ,гАЗ,гАЗ,гАЗ,гАЗ,гАЗ,гАЗ,гАЗ,гАЗ,гАЗ,гАЗ,гАЗ,гАЗ,гАЗ,гАЗ,гАЗ,гАЗ,гАЗ,гАЗ,гАЗ,√Ч,√Ч,√Ч,√Ч,√Ч
131,гАЗ,гАЗ,гАЗ,гАЗ,гАЗ,гАЗ,гАЗ,гАЗ,гАЗ,гАЗ,гАЗ,гАЗ,гАЗ,гАЗ,гАЗ,гАЗ,гАЗ,гАЗ,гАЗ,гАЗ,гАЗ,гАЗ,√Ч,√Ч,гАЗ
132,гАЗ,гАЗ,гАЗ,гАЗ,гАЗ,гАЗ,гАЗ,гАЗ,гАЗ,гАЗ,гАЗ,гАЗ,гАЗ,гАЗ,гАЗ,гАЗ,гАЗ,гАЗ,гАЗ,гАЗ,гАЗ,√Ч,√Ч,гАЗ,гАЗ
133,гАЗ,гАЗ,√Ч,√Ч,гАЗ,гАЗ,√Ч,гАЗ,гАЗ,гАЗ,гАЗ,гАЗ,гАЗ,гАЗ,гАЗ,гАЗ,гАЗ,гАЗ,гАЗ,гАЗ,гАЗ,√Ч,√Ч,гАЗ,гАЗ
231,гАЗ,√Ч,гАЗ,гАЗ,гАЗ,гАЗ,гАЗ,гАЗ,гАЗ,гАЗ,гАЗ,гАЗ,гАЗ,гАЗ,гАЗ,гАЗ,гАЗ,гАЗ,гАЗ,гАЗ,гАЗ,√Ч,√Ч,√Ч,гАЗ
232,гАЗ,гАЗ,гАЗ,гАЗ,гАЗ,гАЗ,гАЗ,гАЗ,гАЗ,гАЗ,гАЗ,гАЗ,гАЗ,гАЗ,гАЗ,гАЗ,гАЗ,гАЗ,гАЗ,гАЗ,гАЗ,гАЗ,√Ч,√Ч,√Ч
233,гАЗ,гАЗ,гАЗ,гАЗ,гАЗ,гАЗ,гАЗ,гАЗ,гАЗ,гАЗ,гАЗ,гАЗ,гАЗ,гАЗ,гАЗ,гАЗ,гАЗ,гАЗ,гАЗ,гАЗ,гАЗ,гАЗ,гАЗ,√Ч,√Ч
234,гАЗ,гАЗ,гАЗ,гАЗ,гАЗ,гАЗ,гАЗ,гАЗ,гАЗ,гАЗ,гАЗ,гАЗ,гАЗ,гАЗ,гАЗ,гАЗ,гАЗ,гАЗ,гАЗ,гАЗ,гАЗ,√Ч,√Ч,√Ч,√Ч
321,гАЗ,гАЗ,гАЗ,гАЗ,гАЗ,гАЗ,гАЗ,гАЗ,гАЗ,гАЗ,гАЗ,гАЗ,гАЗ,гАЗ,гАЗ,гАЗ,гАЗ,гАЗ,гАЗ,гАЗ,гАЗ,гАЗ,√Ч,√Ч,гАЗ
322,гАЗ,гАЗ,гАЗ,гАЗ,гАЗ,гАЗ,гАЗ,гАЗ,гАЗ,гАЗ,гАЗ,гАЗ,гАЗ,гАЗ,гАЗ,гАЗ,гАЗ,гАЗ,гАЗ,гАЗ,гАЗ,гАЗ,гАЗ,гАЗ,гАЗ
331,гАЗ,гАЗ,гАЗ,гАЗ,гАЗ,гАЗ,гАЗ,гАЗ,гАЗ,гАЗ,гАЗ,гАЗ,гАЗ,гАЗ,гАЗ,гАЗ,гАЗ,гАЗ,гАЗ,гАЗ,гАЗ,√Ч,√Ч,√Ч,гАЗ
332,гАЗ,гАЗ,гАЗ,гАЗ,гАЗ,гАЗ,гАЗ,гАЗ,гАЗ,гАЗ,гАЗ,гАЗ,гАЗ,гАЗ,гАЗ,гАЗ,гАЗ,гАЗ,гАЗ,гАЗ,гАЗ,гАЗ,√Ч,√Ч,гАЗ
341,гАЗ,гАЗ,гАЗ,гАЗ,гАЗ,гАЗ,гАЗ,гАЗ,гАЗ,гАЗ,гАЗ,гАЗ,гАЗ,гАЗ,гАЗ,гАЗ,гАЗ,гАЗ,гАЗ,гАЗ,гАЗ,гАЗ,гАЗ,√Ч,гАЗ
342,гАЗ,гАЗ,гАЗ,гАЗ,гАЗ,гАЗ,гАЗ,гАЗ,гАЗ,гАЗ,гАЗ,гАЗ,гАЗ,гАЗ,гАЗ,гАЗ,гАЗ,гАЗ,гАЗ,гАЗ,гАЗ,гАЗ,√Ч,√Ч,гАЗ
641,гАЗ,гАЗ,гАЗ,гАЗ,гАЗ,гАЗ,гАЗ,гАЗ,гАЗ,гАЗ,гАЗ,гАЗ,гАЗ,гАЗ,гАЗ,гАЗ,гАЗ,гАЗ,гАЗ,гАЗ,гАЗ,гАЗ,√Ч,√Ч,гАЗ
642,гАЗ,гАЗ,гАЗ,гАЗ,гАЗ,√Ч,гАЗ,гАЗ,гАЗ,гАЗ,гАЗ,гАЗ,гАЗ,гАЗ,гАЗ,гАЗ,гАЗ,гАЗ,гАЗ,гАЗ,√Ч,гАЗ,гАЗ,гАЗ,гАЗ
643,гАЗ,гАЗ,гАЗ,гАЗ,гАЗ,гАЗ,гАЗ,гАЗ,гАЗ,гАЗ,гАЗ,гАЗ,гАЗ,гАЗ,гАЗ,гАЗ,гАЗ,гАЗ,гАЗ,гАЗ,гАЗ,гАЗ,√Ч,гАЗ,гАЗ
644,гАЗ,гАЗ,гАЗ,гАЗ,гАЗ,гАЗ,гАЗ,гАЗ,гАЗ,гАЗ,гАЗ,гАЗ,гАЗ,гАЗ,гАЗ,гАЗ,гАЗ,гАЗ,гАЗ,гАЗ,√Ч,√Ч,√Ч,√Ч,гАЗ
651,гАЗ,гАЗ,гАЗ,гАЗ,гАЗ,гАЗ,гАЗ,гАЗ,гАЗ,гАЗ,гАЗ,гАЗ,гАЗ,гАЗ,гАЗ,гАЗ,гАЗ,гАЗ,гАЗ,гАЗ,гАЗ,гАЗ,√Ч,гАЗ,гАЗ
652,гАЗ,гАЗ,гАЗ,гАЗ,гАЗ,√Ч,гАЗ,гАЗ,гАЗ,гАЗ,гАЗ,гАЗ,гАЗ,гАЗ,гАЗ,гАЗ,гАЗ,гАЗ,гАЗ,гАЗ,√Ч,гАЗ,√Ч,√Ч,гАЗ
653,гАЗ,гАЗ,гАЗ,гАЗ,гАЗ,гАЗ,гАЗ,гАЗ,гАЗ,гАЗ,гАЗ,гАЗ,гАЗ,гАЗ,гАЗ,гАЗ,гАЗ,гАЗ,гАЗ,гАЗ,гАЗ,гАЗ,гАЗ,гАЗ,гАЗ
654,гАЗ,гАЗ,гАЗ,гАЗ,гАЗ,гАЗ,гАЗ,гАЗ,гАЗ,гАЗ,гАЗ,гАЗ,гАЗ,гАЗ,гАЗ,гАЗ,гАЗ,гАЗ,гАЗ,гАЗ,гАЗ,гАЗ,гАЗ,√Ч,гАЗ
661,гАЗ,гАЗ,гАЗ,гАЗ,гАЗ,гАЗ,гАЗ,гАЗ,гАЗ,гАЗ,гАЗ,гАЗ,гАЗ,гАЗ,гАЗ,гАЗ,гАЗ,гАЗ,гАЗ,гАЗ,гАЗ,гАЗ,√Ч,√Ч,гАЗ
662,гАЗ,гАЗ,гАЗ,гАЗ,гАЗ,гАЗ,гАЗ,гАЗ,гАЗ,гАЗ,гАЗ,гАЗ,гАЗ,гАЗ,гАЗ,гАЗ,гАЗ,гАЗ,гАЗ,гАЗ,гАЗ,гАЗ,√Ч,√Ч,гАЗ
663,гАЗ,гАЗ,гАЗ,гАЗ,гАЗ,гАЗ,гАЗ,гАЗ,гАЗ,гАЗ,гАЗ,гАЗ,гАЗ,гАЗ,гАЗ,гАЗ,гАЗ,гАЗ,гАЗ,гАЗ,гАЗ,гАЗ,√Ч,√Ч,гАЗ
664,гАЗ,гАЗ,гАЗ,гАЗ,гАЗ,гАЗ,гАЗ,гАЗ,гАЗ,гАЗ,гАЗ,гАЗ,гАЗ,гАЗ,гАЗ,гАЗ,гАЗ,гАЗ,гАЗ,гАЗ,гАЗ,гАЗ,гАЗ,√Ч,гАЗ
671,гАЗ,гАЗ,гАЗ,гАЗ,гАЗ,гАЗ,гАЗ,гАЗ,гАЗ,гАЗ,гАЗ,гАЗ,гАЗ,гАЗ,гАЗ,гАЗ,гАЗ,гАЗ,гАЗ,гАЗ,гАЗ,гАЗ,√Ч,√Ч,гАЗ
672,гАЗ,гАЗ,гАЗ,гАЗ,гАЗ,√Ч,гАЗ,гАЗ,гАЗ,гАЗ,гАЗ,гАЗ,гАЗ,гАЗ,гАЗ,гАЗ,гАЗ,гАЗ,гАЗ,гАЗ,√Ч,гАЗ,√Ч,√Ч,гАЗ
673,гАЗ,гАЗ,гАЗ,гАЗ,гАЗ,гАЗ,гАЗ,гАЗ,гАЗ,гАЗ,гАЗ,гАЗ,гАЗ,гАЗ,гАЗ,гАЗ,гАЗ,гАЗ,гАЗ,гАЗ,√Ч,гАЗ,гАЗ,гАЗ,гАЗ
674,гАЗ,гАЗ,гАЗ,гАЗ,гАЗ,гАЗ,гАЗ,гАЗ,гАЗ,гАЗ,гАЗ,гАЗ,гАЗ,гАЗ,гАЗ,гАЗ,гАЗ,гАЗ,гАЗ,гАЗ,гАЗ,гАЗ,гАЗ,гАЗ,гАЗ
681,гАЗ,гАЗ,гАЗ,гАЗ,гАЗ,гАЗ,гАЗ,гАЗ,гАЗ,гАЗ,гАЗ,гАЗ,гАЗ,гАЗ,гАЗ,гАЗ,гАЗ,гАЗ,гАЗ,гАЗ,гАЗ,гАЗ,√Ч,гАЗ,гАЗ
682,гАЗ,гАЗ,гАЗ,гАЗ,гАЗ,гАЗ,гАЗ,гАЗ,гАЗ,гАЗ,гАЗ,гАЗ,гАЗ,гАЗ,гАЗ,гАЗ,гАЗ,гАЗ,гАЗ,гАЗ,гАЗ,гАЗ,√Ч,гАЗ,гАЗ
683,гАЗ,гАЗ,гАЗ,гАЗ,гАЗ,гАЗ,гАЗ,гАЗ,гАЗ,гАЗ,гАЗ,гАЗ,гАЗ,гАЗ,гАЗ,гАЗ,гАЗ,гАЗ,гАЗ,гАЗ,гАЗ,гАЗ,гАЗ,гАЗ,гАЗ
684,гАЗ,гАЗ,гАЗ,гАЗ,гАЗ,гАЗ,гАЗ,гАЗ,гАЗ,гАЗ,гАЗ,гАЗ,гАЗ,гАЗ,гАЗ,гАЗ,гАЗ,гАЗ,гАЗ,гАЗ,гАЗ,гАЗ,гАЗ,√Ч,гАЗ
691,гАЗ,гАЗ,гАЗ,гАЗ,гАЗ,гАЗ,гАЗ,гАЗ,гАЗ,гАЗ,гАЗ,гАЗ,гАЗ,гАЗ,гАЗ,гАЗ,гАЗ,гАЗ,гАЗ,гАЗ,гАЗ,гАЗ,гАЗ,гАЗ,гАЗ
692,гАЗ,гАЗ,гАЗ,гАЗ,гАЗ,гАЗ,гАЗ,гАЗ,гАЗ,гАЗ,гАЗ,гАЗ,гАЗ,гАЗ,гАЗ,гАЗ,гАЗ,гАЗ,гАЗ,гАЗ,гАЗ,гАЗ,√Ч,√Ч,гАЗ
693,гАЗ,гАЗ,гАЗ,гАЗ,гАЗ,гАЗ,гАЗ,гАЗ,гАЗ,гАЗ,гАЗ,гАЗ,гАЗ,гАЗ,гАЗ,гАЗ,гАЗ,гАЗ,гАЗ,гАЗ,гАЗ,гАЗ,гАЗ,гАЗ,гАЗ
694,гАЗ,гАЗ,гАЗ,гАЗ,гАЗ,гАЗ,гАЗ,гАЗ,гАЗ,гАЗ,гАЗ,гАЗ,гАЗ,гАЗ,гАЗ,гАЗ,гАЗ,гАЗ,гАЗ,гАЗ,гАЗ,гАЗ,гАЗ,гАЗ,гАЗ
6141,гАЗ,гАЗ,гАЗ,гАЗ,гАЗ,гАЗ,гАЗ,гАЗ,гАЗ,гАЗ,гАЗ,гАЗ,гАЗ,гАЗ,гАЗ,гАЗ,гАЗ,гАЗ,гАЗ,гАЗ,гАЗ,гАЗ,√Ч,гАЗ,гАЗ
1041,гАЗ,гАЗ,гАЗ,гАЗ,гАЗ,гАЗ,гАЗ,гАЗ,гАЗ,гАЗ,гАЗ,гАЗ,гАЗ,гАЗ,гАЗ,гАЗ,гАЗ,гАЗ,гАЗ,гАЗ,гАЗ,гАЗ,√Ч,гАЗ,гАЗ
1042,гАЗ,гАЗ,гАЗ,гАЗ,гАЗ,гАЗ,гАЗ,гАЗ,гАЗ,гАЗ,гАЗ,гАЗ,гАЗ,гАЗ,гАЗ,гАЗ,гАЗ,гАЗ,гАЗ,гАЗ,гАЗ,гАЗ,√Ч,гАЗ,гАЗ
1043,гАЗ,гАЗ,гАЗ,гАЗ,гАЗ,гАЗ,гАЗ,гАЗ,гАЗ,гАЗ,гАЗ,гАЗ,гАЗ,гАЗ,гАЗ,гАЗ,гАЗ,гАЗ,гАЗ,гАЗ,гАЗ,гАЗ,√Ч,√Ч,гАЗ
